{

  "drive": {
    "p": 0.00002645,
    "i": 0.00001,
    "d": 0.001,
    "f": 0.00055,
    "iz": 0
    },
    "angle": {
    "p": 0.0106,
    "i": 0,
    "d": 0.35,
    "f": 0.000098,
    "iz": 0
  }
}